STATE,STATENAME,ST_CASE,PEDS,PERNOTMVIT,VE_TOTAL,VE_FORMS,PVH_INVL,PERSONS,PERMVIT,COUNTY,COUNTYNAME,CITY,CITYNAME,MONTH,MONTHNAME,DAY,DAYNAME,DAY_WEEK,DAY_WEEKNAME,YEAR,HOUR,HOURNAME,MINUTE,MINUTENAME,TWAY_ID,TWAY_ID2,ROUTE,ROUTENAME,RUR_URB,RUR_URBNAME,FUNC_SYS,FUNC_SYSNAME,RD_OWNER,RD_OWNERNAME,NHS,NHSNAME,SP_JUR,SP_JURNAME,MILEPT,MILEPTNAME,LATITUDE,LATITUDENAME,LONGITUD,LONGITUDNAME,HARM_EV,HARM_EVNAME,MAN_COLL,MAN_COLLNAME,RELJCT1,RELJCT1NAME,RELJCT2,RELJCT2NAME,TYP_INT,TYP_INTNAME,REL_ROAD,REL_ROADNAME,WRK_ZONE,WRK_ZONENAME,LGT_COND,LGT_CONDNAME,WEATHER,WEATHERNAME,SCH_BUS,SCH_BUSNAME,RAIL,RAILNAME,NOT_HOUR,NOT_HOURNAME,NOT_MIN,NOT_MINNAME,ARR_HOUR,ARR_HOURNAME,ARR_MIN,ARR_MINNAME,HOSP_HR,HOSP_HRNAME,HOSP_MN,HOSP_MNNAME,FATALS
20,Kansas,200277,0,0,1,1,0,2,2,21,CHEROKEE (21),0,NOT APPLICABLE,7,July,30,30,7,Saturday,2022,23,11:00pm-11:59pm,5,5,US-166,NA,2,US Highway,1,Rural,3,Principal Arterial - Other,1,State Highway Agency,1,This section IS ON the NHS,0,No Special Jurisdiction,99998,Not Reported,37.03171111,37.03171111,-94.90797778,-94.90797778,11,Live Animal,0,The First Harmful Event was Not a Collision with a Motor Vehicle in Transport,0,No,1,Non-Junction,1,Not an Intersection,1,On Roadway,0,None,2,Dark - Not Lighted,98,Not Reported,0,No,0000000,Not Applicable,23,11:00pm-11:59pm,9,9,23,11:00pm-11:59pm,21,21,0,0:00am-0:59am,20,20,1
20,Kansas,200278,0,0,1,1,0,1,1,115,MARION (115),0,NOT APPLICABLE,8,August,21,21,1,Sunday,2022,23,11:00pm-11:59pm,51,51,US-50,NA,2,US Highway,1,Rural,3,Principal Arterial - Other,1,State Highway Agency,1,This section IS ON the NHS,0,No Special Jurisdiction,2900,2900,38.17445,38.17445,-97.12068056,-97.12068056,11,Live Animal,0,The First Harmful Event was Not a Collision with a Motor Vehicle in Transport,0,No,1,Non-Junction,1,Not an Intersection,1,On Roadway,0,None,2,Dark - Not Lighted,98,Not Reported,0,No,0000000,Not Applicable,99,Unknown,98,Unknown if Notified,99,Unknown EMS Scene Arrival Hour,98,Unknown if Arrived,88,Not Applicable (Not Transported),88,Not Applicable (Not Transported),1
20,Kansas,200279,1,1,1,1,0,1,1,209,WYANDOTTE (209),2820,KANSAS CITY,9,September,14,14,4,Wednesday,2022,8,8:00am-8:59am,1,1,METROPOLITAN AVE,42ND ST,8,Other,2,Urban,4,Minor Arterial,4,City or Municipal Highway Agency,0,This section IS NOT on the NHS,0,No Special Jurisdiction,99998,Not Reported,39.07313056,39.07313056,-94.67710833,-94.67710833,8,Pedestrian,0,The First Harmful Event was Not a Collision with a Motor Vehicle in Transport,0,No,3,Intersection-Related,2,Four-Way Intersection,1,On Roadway,0,None,1,Daylight,98,Not Reported,0,No,0000000,Not Applicable,8,8:00am-8:59am,2,2,8,8:00am-8:59am,5,5,8,8:00am-8:59am,18,18,1
20,Kansas,200280,0,0,2,2,0,2,2,209,WYANDOTTE (209),2820,KANSAS CITY,10,October,7,7,6,Friday,2022,13,1:00pm-1:59pm,0,0,SR-32 KAW DR,65TH ST,3,State Highway,2,Urban,3,Principal Arterial - Other,1,State Highway Agency,1,This section IS ON the NHS,0,No Special Jurisdiction,99998,Not Reported,39.09235,39.09235,-94.72799722,-94.72799722,12,Motor Vehicle In-Transport,6,Angle,0,No,2,Intersection,2,Four-Way Intersection,1,On Roadway,0,None,1,Daylight,98,Not Reported,0,No,0000000,Not Applicable,13,1:00pm-1:59pm,9,9,13,1:00pm-1:59pm,16,16,13,1:00pm-1:59pm,39,39,1
20,Kansas,200281,0,0,1,1,0,1,1,169,SALINE (169),4900,SALINA,10,October,11,11,3,Tuesday,2022,20,8:00pm-8:59pm,21,21,BELMONT BLVD,NA,6,Local Street - Municipality,2,Urban,4,Minor Arterial,4,City or Municipal Highway Agency,0,This section IS NOT on the NHS,0,No Special Jurisdiction,0,None,38.80113056,38.80113056,-97.60152778,-97.60152778,93,Unknown Fixed Object,0,The First Harmful Event was Not a Collision with a Motor Vehicle in Transport,0,No,1,Non-Junction,1,Not an Intersection,4,On Roadside,0,None,3,Dark - Lighted,98,Not Reported,0,No,0000000,Not Applicable,20,8:00pm-8:59pm,24,24,20,8:00pm-8:59pm,26,26,20,8:00pm-8:59pm,45,45,1
20,Kansas,200282,0,0,1,1,0,1,1,145,PAWNEE (145),0,NOT APPLICABLE,10,October,18,18,3,Tuesday,2022,19,7:00pm-7:59pm,0,0,US-183,NA,2,US Highway,1,Rural,4,Minor Arterial,1,State Highway Agency,0,This section IS NOT on the NHS,0,No Special Jurisdiction,1143,1143,38.30842778,38.30842778,-99.30704167,-99.30704167,1,Rollover/Overturn,0,The First Harmful Event was Not a Collision with a Motor Vehicle in Transport,0,No,1,Non-Junction,1,Not an Intersection,4,On Roadside,0,None,5,Dusk,1,Clear,0,No,0000000,Not Applicable,19,7:00pm-7:59pm,8,8,19,7:00pm-7:59pm,25,25,88,Not Applicable (Not Transported),88,Not Applicable (Not Transported),1
20,Kansas,200283,0,0,2,2,0,4,4,173,SEDGWICK (173),5880,WICHITA,10,October,12,12,4,Wednesday,2022,18,6:00pm-6:59pm,48,48,HYDRAULIC AVE,MARION RD,8,Other,2,Urban,5,Major Collector,4,City or Municipal Highway Agency,0,This section IS NOT on the NHS,0,No Special Jurisdiction,99998,Not Reported,37.64595556,37.64595556,-97.31718056,-97.31718056,12,Motor Vehicle In-Transport,6,Angle,0,No,2,Intersection,3,T-Intersection,1,On Roadway,0,None,5,Dusk,98,Not Reported,0,No,0000000,Not Applicable,18,6:00pm-6:59pm,51,51,18,6:00pm-6:59pm,57,57,88,Not Applicable (Not Transported),88,Not Applicable (Not Transported),1
20,Kansas,200285,0,0,2,2,0,3,3,99,LABETTE (99),4370,PARSONS,10,October,27,27,5,Thursday,2022,21,9:00pm-9:59pm,12,12,US-400,NA,2,US Highway,2,Urban,3,Principal Arterial - Other,1,State Highway Agency,1,This section IS ON the NHS,0,No Special Jurisdiction,4011,4011,37.36927778,37.36927778,-95.27513611,-95.27513611,12,Motor Vehicle In-Transport,2,Front-to-Front,0,No,1,Non-Junction,1,Not an Intersection,2,On Shoulder,0,None,2,Dark - Not Lighted,1,Clear,0,No,0000000,Not Applicable,21,9:00pm-9:59pm,15,15,21,9:00pm-9:59pm,23,23,21,9:00pm-9:59pm,46,46,1
20,Kansas,200286,0,0,2,2,0,9,9,37,CRAWFORD (37),0,NOT APPLICABLE,10,October,15,15,7,Saturday,2022,12,12:00pm-12:59pm,21,21,200TH ST,520TH AVE,8,Other,1,Rural,5,Major Collector,2,County Highway Agency,0,This section IS NOT on the NHS,0,No Special Jurisdiction,99998,Not Reported,37.36766944,37.36766944,-94.74134444,-94.74134444,12,Motor Vehicle In-Transport,6,Angle,0,No,2,Intersection,2,Four-Way Intersection,1,On Roadway,0,None,1,Daylight,10,Cloudy,0,No,0000000,Not Applicable,12,12:00pm-12:59pm,22,22,12,12:00pm-12:59pm,26,26,12,12:00pm-12:59pm,59,59,1
20,Kansas,200287,0,0,2,2,0,3,3,145,PAWNEE (145),0,NOT APPLICABLE,10,October,10,10,2,Monday,2022,18,6:00pm-6:59pm,44,44,SR-156,US-83,3,State Highway,1,Rural,4,Minor Arterial,1,State Highway Agency,0,This section IS NOT on the NHS,0,No Special Jurisdiction,99998,Not Reported,38.18957778,38.18957778,-99.31438056,-99.31438056,12,Motor Vehicle In-Transport,6,Angle,0,No,2,Intersection,2,Four-Way Intersection,1,On Roadway,0,None,1,Daylight,98,Not Reported,0,No,0000000,Not Applicable,18,6:00pm-6:59pm,45,45,18,6:00pm-6:59pm,57,57,88,Not Applicable (Not Transported),88,Not Applicable (Not Transported),2
20,Kansas,200288,1,1,1,1,0,2,2,91,JOHNSON (91),3080,LENEXA,11,November,3,3,5,Thursday,2022,1,1:00am-1:59am,50,50,I-35,NA,1,Interstate,2,Urban,1,Interstate,1,State Highway Agency,1,This section IS ON the NHS,0,No Special Jurisdiction,2211,2211,38.92165278,38.92165278,-94.76287222,-94.76287222,8,Pedestrian,0,The First Harmful Event was Not a Collision with a Motor Vehicle in Transport,0,No,1,Non-Junction,1,Not an Intersection,1,On Roadway,0,None,2,Dark - Not Lighted,1,Clear,0,No,0000000,Not Applicable,1,1:00am-1:59am,55,55,2,2:00am-2:59am,2,2,2,2:00am-2:59am,33,33,1
20,Kansas,200290,0,0,1,1,0,1,1,91,JOHNSON (91),3080,LENEXA,10,October,19,19,4,Wednesday,2022,12,12:00pm-12:59pm,51,51,87TH ST PKWY,NA,8,Other,2,Urban,4,Minor Arterial,4,City or Municipal Highway Agency,0,This section IS NOT on the NHS,0,No Special Jurisdiction,99998,Not Reported,38.97104722,38.97104722,-94.73609722,-94.73609722,33,Curb,0,The First Harmful Event was Not a Collision with a Motor Vehicle in Transport,0,No,1,Non-Junction,1,Not an Intersection,4,On Roadside,0,None,1,Daylight,98,Not Reported,0,No,0000000,Not Applicable,12,12:00pm-12:59pm,55,55,12,12:00pm-12:59pm,56,56,88,Not Applicable (Not Transported),88,Not Applicable (Not Transported),1
20,Kansas,200291,0,0,2,2,0,2,2,89,JEWELL (89),710,BURR OAK,11,November,4,4,6,Friday,2022,14,2:00pm-2:59pm,0,0,SR-128,S RD,3,State Highway,1,Rural,5,Major Collector,1,State Highway Agency,0,This section IS NOT on the NHS,0,No Special Jurisdiction,99998,Not Reported,39.82823611,39.82823611,-98.30605278,-98.30605278,12,Motor Vehicle In-Transport,6,Angle,0,No,2,Intersection,2,Four-Way Intersection,1,On Roadway,0,None,1,Daylight,98,Not Reported,0,No,0000000,Not Applicable,14,2:00pm-2:59pm,11,11,14,2:00pm-2:59pm,28,28,14,2:00pm-2:59pm,36,36,1
20,Kansas,200292,0,0,2,2,0,2,2,173,SEDGWICK (173),4342,PARK CITY,10,October,27,27,5,Thursday,2022,5,5:00am-5:59am,55,55,53RD ST,AIR CAP DR,6,Local Street - Municipality,2,Urban,5,Major Collector,4,City or Municipal Highway Agency,0,This section IS NOT on the NHS,0,No Special Jurisdiction,0,None,37.78133889,37.78133889,-97.32743333,-97.32743333,12,Motor Vehicle In-Transport,2,Front-to-Front,0,No,2,Intersection,2,Four-Way Intersection,1,On Roadway,0,None,4,Dawn,98,Not Reported,0,No,0000000,Not Applicable,6,6:00am-6:59am,1,1,6,6:00am-6:59am,3,3,6,6:00am-6:59am,36,36,1
20,Kansas,200293,0,0,2,2,0,7,7,177,SHAWNEE (177),0,NOT APPLICABLE,10,October,8,8,7,Saturday,2022,9,9:00am-9:59am,7,7,I-335,NA,1,Interstate,1,Rural,1,Interstate,21,Other State Agency,1,This section IS ON the NHS,0,No Special Jurisdiction,1722,1722,38.93971389,38.93971389,-95.75021944,-95.75021944,12,Motor Vehicle In-Transport,6,Angle,0,No,1,Non-Junction,1,Not an Intersection,1,On Roadway,0,None,1,Daylight,1,Clear,0,No,0000000,Not Applicable,9,9:00am-9:59am,13,13,9,9:00am-9:59am,23,23,9,9:00am-9:59am,54,54,3
20,Kansas,200294,0,0,1,1,0,1,1,167,RUSSELL (167),0,NOT APPLICABLE,10,October,19,19,4,Wednesday,2022,14,2:00pm-2:59pm,37,37,US-281,NA,2,US Highway,1,Rural,4,Minor Arterial,1,State Highway Agency,0,This section IS NOT on the NHS,0,No Special Jurisdiction,1485,1485,38.95094722,38.95094722,-98.85456944,-98.85456944,38,Fence,0,The First Harmful Event was Not a Collision with a Motor Vehicle in Transport,0,No,1,Non-Junction,1,Not an Intersection,4,On Roadside,0,None,1,Daylight,1,Clear,0,No,0000000,Not Applicable,14,2:00pm-2:59pm,39,39,14,2:00pm-2:59pm,43,43,88,Not Applicable (Not Transported),88,Not Applicable (Not Transported),1
20,Kansas,200295,0,0,2,2,0,2,2,173,SEDGWICK (173),0,NOT APPLICABLE,10,October,10,10,2,Monday,2022,7,7:00am-7:59am,0,0,SR-15,E 55TH ST,3,State Highway,2,Urban,3,Principal Arterial - Other,1,State Highway Agency,1,This section IS ON the NHS,0,No Special Jurisdiction,99998,Not Reported,37.59156389,37.59156389,-97.2848,-97.2848,12,Motor Vehicle In-Transport,6,Angle,0,No,2,Intersection,2,Four-Way Intersection,1,On Roadway,0,None,4,Dawn,98,Not Reported,0,No,0000000,Not Applicable,7,7:00am-7:59am,5,5,7,7:00am-7:59am,11,11,7,7:00am-7:59am,55,55,1
20,Kansas,200296,0,0,2,2,0,2,2,201,WASHINGTON (201),0,NOT APPLICABLE,10,October,19,19,4,Wednesday,2022,13,1:00pm-1:59pm,53,53,SR-148,NA,3,State Highway,1,Rural,5,Major Collector,1,State Highway Agency,0,This section IS NOT on the NHS,0,No Special Jurisdiction,715,715,39.78228889,39.78228889,-96.86286111,-96.86286111,12,Motor Vehicle In-Transport,6,Angle,0,No,1,Non-Junction,1,Not an Intersection,1,On Roadway,0,None,1,Daylight,1,Clear,0,No,0000000,Not Applicable,14,2:00pm-2:59pm,0,0,14,2:00pm-2:59pm,9,9,14,2:00pm-2:59pm,30,30,1
20,Kansas,200297,1,1,1,1,0,1,1,209,WYANDOTTE (209),2820,KANSAS CITY,11,November,7,7,2,Monday,2022,11,11:00am-11:59am,3,3,I-35,7TH ST,1,Interstate,2,Urban,1,Interstate,1,State Highway Agency,1,This section IS ON the NHS,0,No Special Jurisdiction,2348,2348,39.07081111,39.07081111,-94.61818056,-94.61818056,9,Pedalcyclist,0,The First Harmful Event was Not a Collision with a Motor Vehicle in Transport,1,Yes,3,Intersection-Related,2,Four-Way Intersection,1,On Roadway,0,None,1,Daylight,1,Clear,0,No,0000000,Not Applicable,11,11:00am-11:59am,5,5,11,11:00am-11:59am,14,14,11,11:00am-11:59am,23,23,1
20,Kansas,200298,1,1,1,1,0,1,1,173,SEDGWICK (173),5880,WICHITA,9,September,27,27,3,Tuesday,2022,7,7:00am-7:59am,33,33,MACARTHUR RD,BROADWAY AVE,8,Other,2,Urban,4,Minor Arterial,4,City or Municipal Highway Agency,0,This section IS NOT on the NHS,0,No Special Jurisdiction,99998,Not Reported,37.62251389,37.62251389,-97.33429722,-97.33429722,15,Non-Motorist on Personal Conveyance,0,The First Harmful Event was Not a Collision with a Motor Vehicle in Transport,0,No,3,Intersection-Related,2,Four-Way Intersection,1,On Roadway,0,None,1,Daylight,98,Not Reported,0,No,0000000,Not Applicable,7,7:00am-7:59am,33,33,7,7:00am-7:59am,40,40,8,8:00am-8:59am,11,11,1
20,Kansas,200299,0,0,1,1,0,1,1,63,GOVE (63),0,NOT APPLICABLE,10,October,29,29,7,Saturday,2022,22,10:00pm-10:59pm,45,45,CR-30,NA,4,County Road,1,Rural,5,Major Collector,2,County Highway Agency,0,This section IS NOT on the NHS,0,No Special Jurisdiction,0,None,39.05603333,39.05603333,-100.62863889,-100.62863889,34,Ditch,0,The First Harmful Event was Not a Collision with a Motor Vehicle in Transport,0,No,1,Non-Junction,1,Not an Intersection,4,On Roadside,0,None,2,Dark - Not Lighted,1,Clear,0,No,0000000,Not Applicable,99,Unknown,98,Unknown if Notified,99,Unknown EMS Scene Arrival Hour,98,Unknown if Arrived,88,Not Applicable (Not Transported),88,Not Applicable (Not Transported),1
20,Kansas,200301,0,0,2,2,0,2,2,49,ELK (49),0,NOT APPLICABLE,11,November,3,3,5,Thursday,2022,9,9:00am-9:59am,50,50,SR-99,NA,3,State Highway,1,Rural,4,Minor Arterial,1,State Highway Agency,0,This section IS NOT on the NHS,0,No Special Jurisdiction,399,399,37.53435833,37.53435833,-96.25425556,-96.25425556,12,Motor Vehicle In-Transport,6,Angle,0,No,1,Non-Junction,1,Not an Intersection,1,On Roadway,0,None,1,Daylight,98,Not Reported,0,No,0000000,Not Applicable,9,9:00am-9:59am,52,52,9,9:00am-9:59am,59,59,88,Not Applicable (Not Transported),88,Not Applicable (Not Transported),1
20,Kansas,200302,1,1,1,1,0,1,1,173,SEDGWICK (173),0,NOT APPLICABLE,9,September,3,3,7,Saturday,2022,8,8:00am-8:59am,44,44,109TH ST,NA,8,Other,1,Rural,6,Minor Collector,2,County Highway Agency,0,This section IS NOT on the NHS,0,No Special Jurisdiction,99998,Not Reported,37.88326111,37.88326111,-97.48718056,-97.48718056,9,Pedalcyclist,0,The First Harmful Event was Not a Collision with a Motor Vehicle in Transport,0,No,1,Non-Junction,1,Not an Intersection,1,On Roadway,0,None,1,Daylight,98,Not Reported,0,No,0000000,Not Applicable,8,8:00am-8:59am,45,45,9,9:00am-9:59am,3,3,9,9:00am-9:59am,34,34,1
20,Kansas,200303,0,0,2,2,0,2,2,95,KINGMAN (95),2850,KINGMAN,11,November,5,5,7,Saturday,2022,9,9:00am-9:59am,45,45,60TH ST,100TH AVE,8,Other,1,Rural,5,Major Collector,2,County Highway Agency,0,This section IS NOT on the NHS,0,No Special Jurisdiction,99998,Not Reported,37.56110556,37.56110556,-97.93575,-97.93575,12,Motor Vehicle In-Transport,6,Angle,0,No,2,Intersection,2,Four-Way Intersection,1,On Roadway,0,None,1,Daylight,1,Clear,0,No,0000000,Not Applicable,9,9:00am-9:59am,53,53,10,10:00am-10:59am,5,5,11,11:00am-11:59am,20,20,1
20,Kansas,200304,0,0,1,1,0,1,1,103,LEAVENWORTH (103),0,NOT APPLICABLE,10,October,22,22,7,Saturday,2022,21,9:00pm-9:59pm,0,0,251ST ST,LIMIT RD,8,Other,1,Rural,7,Local,2,County Highway Agency,0,This section IS NOT on the NHS,0,No Special Jurisdiction,0,None,39.28860556,39.28860556,-95.16101111,-95.16101111,35,Embankment,0,The First Harmful Event was Not a Collision with a Motor Vehicle in Transport,0,No,3,Intersection-Related,4,Y-Intersection,4,On Roadside,0,None,2,Dark - Not Lighted,98,Not Reported,0,No,0000000,Not Applicable,21,9:00pm-9:59pm,6,6,99,Unknown EMS Scene Arrival Hour,97,Officially Cancelled,99,Unknown,97,Officially Canceled,1
20,Kansas,200305,1,1,1,1,0,2,2,173,SEDGWICK (173),5880,WICHITA,10,October,2,2,1,Sunday,2022,1,1:00am-1:59am,12,12,LINCOLN ST,NA,8,Other,2,Urban,5,Major Collector,4,City or Municipal Highway Agency,0,This section IS NOT on the NHS,0,No Special Jurisdiction,0,None,37.67174444,37.67174444,-97.31141111,-97.31141111,8,Pedestrian,0,The First Harmful Event was Not a Collision with a Motor Vehicle in Transport,0,No,1,Non-Junction,1,Not an Intersection,1,On Roadway,0,None,3,Dark - Lighted,98,Not Reported,0,No,0000000,Not Applicable,1,1:00am-1:59am,12,12,1,1:00am-1:59am,18,18,1,1:00am-1:59am,45,45,1
20,Kansas,200306,0,0,2,2,0,2,2,57,FORD (57),0,NOT APPLICABLE,10,October,20,20,5,Thursday,2022,19,7:00pm-7:59pm,50,50,US-283,LARIAT WAY,2,US Highway,2,Urban,3,Principal Arterial - Other,1,State Highway Agency,1,This section IS ON the NHS,0,No Special Jurisdiction,99998,Not Reported,37.72940833,37.72940833,-99.97926944,-99.97926944,12,Motor Vehicle In-Transport,6,Angle,0,No,2,Intersection,2,Four-Way Intersection,1,On Roadway,0,None,3,Dark - Lighted,98,Not Reported,0,No,0000000,Not Applicable,20,8:00pm-8:59pm,3,3,20,8:00pm-8:59pm,6,6,20,8:00pm-8:59pm,40,40,1
20,Kansas,200307,0,0,3,3,0,7,7,191,SUMNER (191),0,NOT APPLICABLE,10,October,29,29,7,Saturday,2022,13,1:00pm-1:59pm,32,32,I-35,NA,1,Interstate,1,Rural,1,Interstate,31,State Toll Road,1,This section IS ON the NHS,0,No Special Jurisdiction,264,264,37.37725556,37.37725556,-97.32354167,-97.32354167,12,Motor Vehicle In-Transport,6,Angle,0,No,1,Non-Junction,1,Not an Intersection,1,On Roadway,1,Construction,1,Daylight,10,Cloudy,0,No,0000000,Not Applicable,13,1:00pm-1:59pm,37,37,13,1:00pm-1:59pm,47,47,14,2:00pm-2:59pm,43,43,3
20,Kansas,200309,0,0,2,2,0,2,2,91,JOHNSON (91),3705,MISSION,11,November,10,10,5,Thursday,2022,19,7:00pm-7:59pm,0,0,I-35,NA,1,Interstate,2,Urban,1,Interstate,1,State Highway Agency,1,This section IS ON the NHS,0,No Special Jurisdiction,2314,2314,39.04265,39.04265,-94.66425833,-94.66425833,12,Motor Vehicle In-Transport,7,Sideswipe - Same Direction,0,No,1,Non-Junction,1,Not an Intersection,1,On Roadway,0,None,3,Dark - Lighted,2,Rain,0,No,0000000,Not Applicable,19,7:00pm-7:59pm,0,0,19,7:00pm-7:59pm,9,9,88,Not Applicable (Not Transported),88,Not Applicable (Not Transported),1
20,Kansas,200310,0,0,2,2,0,2,2,91,JOHNSON (91),1480,EDGERTON,10,October,7,7,6,Friday,2022,11,11:00am-11:59am,35,35,US-56,W 199TH ST,2,US Highway,1,Rural,3,Principal Arterial - Other,1,State Highway Agency,1,This section IS ON the NHS,0,No Special Jurisdiction,99998,Not Reported,38.76919722,38.76919722,-95.00108611,-95.00108611,12,Motor Vehicle In-Transport,6,Angle,0,No,2,Intersection,2,Four-Way Intersection,1,On Roadway,0,None,1,Daylight,98,Not Reported,0,No,0000000,Not Applicable,11,11:00am-11:59am,38,38,11,11:00am-11:59am,44,44,99,Unknown,99,Unknown EMS Hospital Arrival Time,1
20,Kansas,200311,0,0,1,1,0,3,3,209,WYANDOTTE (209),2820,KANSAS CITY,10,October,27,27,5,Thursday,2022,2,2:00am-2:59am,59,59,55TH ST,FREEMAN AVE,6,Local Street - Municipality,2,Urban,7,Local,4,City or Municipal Highway Agency,0,This section IS NOT on the NHS,0,No Special Jurisdiction,0,None,39.12320556,39.12320556,-94.70459167,-94.70459167,34,Ditch,0,The First Harmful Event was Not a Collision with a Motor Vehicle in Transport,0,No,3,Intersection-Related,3,T-Intersection,4,On Roadside,0,None,3,Dark - Lighted,98,Not Reported,0,No,0000000,Not Applicable,3,3:00am-3:59am,0,0,3,3:00am-3:59am,9,9,3,3:00am-3:59am,32,32,2
20,Kansas,200312,0,0,2,2,0,5,5,115,MARION (115),0,NOT APPLICABLE,11,November,5,5,7,Saturday,2022,9,9:00am-9:59am,20,20,SR-15,NA,3,State Highway,1,Rural,4,Minor Arterial,1,State Highway Agency,0,This section IS NOT on the NHS,0,No Special Jurisdiction,99998,Not Reported,38.47296944,38.47296944,-97.22464167,-97.22464167,12,Motor Vehicle In-Transport,2,Front-to-Front,0,No,1,Non-Junction,1,Not an Intersection,1,On Roadway,0,None,1,Daylight,98,Not Reported,0,No,0000000,Not Applicable,9,9:00am-9:59am,21,21,9,9:00am-9:59am,31,31,10,10:00am-10:59am,42,42,1
20,Kansas,200313,0,0,1,1,0,1,1,209,WYANDOTTE (209),2820,KANSAS CITY,11,November,2,2,4,Wednesday,2022,22,10:00pm-10:59pm,50,50,DONAHOO RD,NA,6,Local Street - Municipality,2,Urban,7,Local,4,City or Municipal Highway Agency,0,This section IS NOT on the NHS,0,No Special Jurisdiction,0,None,39.15768611,39.15768611,-94.73726389,-94.73726389,1,Rollover/Overturn,0,The First Harmful Event was Not a Collision with a Motor Vehicle in Transport,0,No,1,Non-Junction,1,Not an Intersection,4,On Roadside,0,None,2,Dark - Not Lighted,98,Not Reported,0,No,0000000,Not Applicable,99,Unknown,99,Unknown,99,Unknown EMS Scene Arrival Hour,99,Unknown EMS Scene Arrival Minutes,88,Not Applicable (Not Transported),88,Not Applicable (Not Transported),1
20,Kansas,200314,0,0,2,2,0,2,2,209,WYANDOTTE (209),2820,KANSAS CITY,10,October,11,11,3,Tuesday,2022,19,7:00pm-7:59pm,6,6,MINNESOTA AVE,N 31ST ST,6,Local Street - Municipality,2,Urban,4,Minor Arterial,4,City or Municipal Highway Agency,0,This section IS NOT on the NHS,0,No Special Jurisdiction,0,None,39.11536389,39.11536389,-94.66418333,-94.66418333,12,Motor Vehicle In-Transport,6,Angle,0,No,2,Intersection,2,Four-Way Intersection,1,On Roadway,0,None,3,Dark - Lighted,98,Not Reported,0,No,0000000,Not Applicable,19,7:00pm-7:59pm,7,7,19,7:00pm-7:59pm,12,12,19,7:00pm-7:59pm,24,24,1
20,Kansas,200315,2,2,1,1,0,1,1,173,SEDGWICK (173),5880,WICHITA,11,November,10,10,5,Thursday,2022,18,6:00pm-6:59pm,40,40,I-135,NA,1,Interstate,2,Urban,1,Interstate,1,State Highway Agency,1,This section IS ON the NHS,0,No Special Jurisdiction,99,99,37.74266944,37.74266944,-97.31435,-97.31435,8,Pedestrian,0,The First Harmful Event was Not a Collision with a Motor Vehicle in Transport,1,Yes,5,Entrance/Exit Ramp Related,1,Not an Intersection,2,On Shoulder,0,None,3,Dark - Lighted,10,Cloudy,0,No,0000000,Not Applicable,18,6:00pm-6:59pm,43,43,18,6:00pm-6:59pm,45,45,88,Not Applicable (Not Transported),88,Not Applicable (Not Transported),2
20,Kansas,200316,0,0,1,1,0,2,2,209,WYANDOTTE (209),2820,KANSAS CITY,11,November,21,21,2,Monday,2022,16,4:00pm-4:59pm,0,0,I-635,NA,1,Interstate,2,Urban,1,Interstate,1,State Highway Agency,1,This section IS ON the NHS,0,No Special Jurisdiction,44,44,39.10307778,39.10307778,-94.67994167,-94.67994167,32,Culvert,0,The First Harmful Event was Not a Collision with a Motor Vehicle in Transport,1,Yes,19,Other location within Interchange Area,1,Not an Intersection,4,On Roadside,0,None,1,Daylight,1,Clear,0,No,0000000,Not Applicable,16,4:00pm-4:59pm,5,5,16,4:00pm-4:59pm,17,17,88,Not Applicable (Not Transported),88,Not Applicable (Not Transported),2
20,Kansas,200317,0,0,2,2,0,2,2,37,CRAWFORD (37),0,NOT APPLICABLE,11,November,21,21,2,Monday,2022,19,7:00pm-7:59pm,50,50,US-400,NA,2,US Highway,1,Rural,3,Principal Arterial - Other,1,State Highway Agency,1,This section IS ON the NHS,0,No Special Jurisdiction,4179,4179,37.34003056,37.34003056,-94.98334444,-94.98334444,12,Motor Vehicle In-Transport,2,Front-to-Front,0,No,1,Non-Junction,1,Not an Intersection,1,On Roadway,0,None,2,Dark - Not Lighted,98,Not Reported,0,No,0000000,Not Applicable,20,8:00pm-8:59pm,10,10,20,8:00pm-8:59pm,30,30,21,9:00pm-9:59pm,2,2,1