STATE,STATENAME,ST_CASE,PEDS,PERNOTMVIT,VE_TOTAL,VE_FORMS,PVH_INVL,PERSONS,PERMVIT,COUNTY,COUNTYNAME,CITY,CITYNAME,MONTH,MONTHNAME,DAY,DAYNAME,DAY_WEEK,DAY_WEEKNAME,YEAR,HOUR,HOURNAME,MINUTE,MINUTENAME,TWAY_ID,TWAY_ID2,ROUTE,ROUTENAME,RUR_URB,RUR_URBNAME,FUNC_SYS,FUNC_SYSNAME,RD_OWNER,RD_OWNERNAME,NHS,NHSNAME,SP_JUR,SP_JURNAME,MILEPT,MILEPTNAME,LATITUDE,LATITUDENAME,LONGITUD,LONGITUDNAME,HARM_EV,HARM_EVNAME,MAN_COLL,MAN_COLLNAME,RELJCT1,RELJCT1NAME,RELJCT2,RELJCT2NAME,TYP_INT,TYP_INTNAME,REL_ROAD,REL_ROADNAME,WRK_ZONE,WRK_ZONENAME,LGT_COND,LGT_CONDNAME,WEATHER,WEATHERNAME,SCH_BUS,SCH_BUSNAME,RAIL,RAILNAME,NOT_HOUR,NOT_HOURNAME,NOT_MIN,NOT_MINNAME,ARR_HOUR,ARR_HOURNAME,ARR_MIN,ARR_MINNAME,HOSP_HR,HOSP_HRNAME,HOSP_MN,HOSP_MNNAME,FATALS
20,Kansas,200356,0,0,1,1,0,2,2,111,LYON (111),0,NOT APPLICABLE,12,December,16,16,6,Friday,2022,16,4:00pm-4:59pm,20,20,I-335,NA,1,Interstate,1,Rural,1,Interstate,31,State Toll Road,1,This section IS ON the NHS,0,No Special Jurisdiction,1309,1309,38.46068333,38.46068333,-96.193275,-96.193275,34,Ditch,0,The First Harmful Event was Not a Collision with a Motor Vehicle in Transport,0,No,1,Non-Junction,1,Not an Intersection,4,On Roadside,0,None,1,Daylight,1,Clear,0,No,0000000,Not Applicable,16,4:00pm-4:59pm,22,22,16,4:00pm-4:59pm,30,30,99,Unknown,99,Unknown EMS Hospital Arrival Time,1
20,Kansas,200357,0,0,1,1,0,1,1,91,JOHNSON (91),4140,OLATHE,12,December,26,26,2,Monday,2022,1,1:00am-1:59am,55,55,OLD 56 HWY,NA,6,Local Street - Municipality,2,Urban,4,Minor Arterial,4,City or Municipal Highway Agency,0,This section IS NOT on the NHS,0,No Special Jurisdiction,0,None,38.85607778,38.85607778,-94.857025,-94.857025,42,Tree (Standing Only),0,The First Harmful Event was Not a Collision with a Motor Vehicle in Transport,0,No,1,Non-Junction,1,Not an Intersection,4,On Roadside,0,None,2,Dark - Not Lighted,98,Not Reported,0,No,0000000,Not Applicable,1,1:00am-1:59am,58,58,2,2:00am-2:59am,5,5,88,Not Applicable (Not Transported),88,Not Applicable (Not Transported),1
20,Kansas,200358,0,0,1,1,0,2,2,169,SALINE (169),0,NOT APPLICABLE,12,December,21,21,4,Wednesday,2022,21,9:00pm-9:59pm,18,18,I-135,NA,1,Interstate,1,Rural,1,Interstate,1,State Highway Agency,1,This section IS ON the NHS,0,No Special Jurisdiction,784,784,38.63193333,38.63193333,-97.62183611,-97.62183611,1,Rollover/Overturn,0,The First Harmful Event was Not a Collision with a Motor Vehicle in Transport,0,No,1,Non-Junction,1,Not an Intersection,4,On Roadside,0,None,2,Dark - Not Lighted,12,Freezing Rain or Drizzle,0,No,0000000,Not Applicable,21,9:00pm-9:59pm,25,25,21,9:00pm-9:59pm,43,43,22,10:00pm-10:59pm,33,33,1
20,Kansas,200359,0,0,1,1,0,1,1,59,FRANKLIN (59),4270,OTTAWA,12,December,24,24,7,Saturday,2022,15,3:00pm-3:59pm,0,0,I-35,NA,1,Interstate,1,Rural,1,Interstate,1,State Highway Agency,1,This section IS ON the NHS,0,No Special Jurisdiction,1835,1835,38.57815278,38.57815278,-95.25936111,-95.25936111,52,Guardrail End,0,The First Harmful Event was Not a Collision with a Motor Vehicle in Transport,0,No,1,Non-Junction,1,Not an Intersection,3,On Median,0,None,1,Daylight,98,Not Reported,0,No,0000000,Not Applicable,15,3:00pm-3:59pm,4,4,15,3:00pm-3:59pm,10,10,88,Not Applicable (Not Transported),88,Not Applicable (Not Transported),1
20,Kansas,200361,0,0,1,1,0,1,1,173,SEDGWICK (173),5880,WICHITA,12,December,21,21,4,Wednesday,2022,13,1:00pm-1:59pm,34,34,I-135,NA,1,Interstate,2,Urban,1,Interstate,1,State Highway Agency,1,This section IS ON the NHS,0,No Special Jurisdiction,16,16,37.62327778,37.62327778,-97.328175,-97.328175,59,Traffic Sign Support,0,The First Harmful Event was Not a Collision with a Motor Vehicle in Transport,0,No,1,Non-Junction,1,Not an Intersection,4,On Roadside,0,None,1,Daylight,12,Freezing Rain or Drizzle,0,No,0000000,Not Applicable,13,1:00pm-1:59pm,38,38,13,1:00pm-1:59pm,47,47,14,2:00pm-2:59pm,17,17,1
20,Kansas,200362,0,0,1,1,0,1,1,25,CLARK (25),0,NOT APPLICABLE,12,December,4,4,1,Sunday,2022,17,5:00pm-5:59pm,35,35,US-160,NA,2,US Highway,1,Rural,4,Minor Arterial,1,State Highway Agency,0,This section IS NOT on the NHS,0,No Special Jurisdiction,1489,1489,37.19343611,37.19343611,-99.85393056,-99.85393056,32,Culvert,0,The First Harmful Event was Not a Collision with a Motor Vehicle in Transport,0,No,1,Non-Junction,1,Not an Intersection,4,On Roadside,0,None,3,Dark - Lighted,98,Not Reported,0,No,0000000,Not Applicable,17,5:00pm-5:59pm,41,41,17,5:00pm-5:59pm,51,51,18,6:00pm-6:59pm,12,12,1
20,Kansas,200363,0,0,1,1,0,1,1,55,FINNEY (55),0,NOT APPLICABLE,12,December,24,24,7,Saturday,2022,18,6:00pm-6:59pm,15,15,SR-156,NA,3,State Highway,1,Rural,4,Minor Arterial,1,State Highway Agency,0,This section IS NOT on the NHS,0,No Special Jurisdiction,52,52,37.99291111,37.99291111,-100.82561111,-100.82561111,1,Rollover/Overturn,0,The First Harmful Event was Not a Collision with a Motor Vehicle in Transport,0,No,1,Non-Junction,1,Not an Intersection,4,On Roadside,0,None,2,Dark - Not Lighted,1,Clear,0,No,0000000,Not Applicable,18,6:00pm-6:59pm,18,18,18,6:00pm-6:59pm,23,23,18,6:00pm-6:59pm,36,36,1
20,Kansas,200364,0,0,2,2,0,2,2,59,FRANKLIN (59),0,NOT APPLICABLE,12,December,8,8,5,Thursday,2022,14,2:00pm-2:59pm,31,31,JOHN BROWN RD,NA,8,Other,1,Rural,5,Major Collector,2,County Highway Agency,0,This section IS NOT on the NHS,0,No Special Jurisdiction,0,None,38.49206111,38.49206111,-95.18481389,-95.18481389,12,Motor Vehicle In-Transport,2,Front-to-Front,0,No,1,Non-Junction,1,Not an Intersection,1,On Roadway,0,None,1,Daylight,5,"Fog, Smog, Smoke",0,No,0000000,Not Applicable,14,2:00pm-2:59pm,37,37,14,2:00pm-2:59pm,51,51,15,3:00pm-3:59pm,17,17,1
20,Kansas,200365,0,0,1,1,0,2,2,21,CHEROKEE (21),0,NOT APPLICABLE,12,December,29,29,5,Thursday,2022,23,11:00pm-11:59pm,16,16,BAGDAD RD,NA,8,Other,1,Rural,7,Local,2,County Highway Agency,0,This section IS NOT on the NHS,0,No Special Jurisdiction,0,None,37.02740833,37.02740833,-94.62088889,-94.62088889,42,Tree (Standing Only),0,The First Harmful Event was Not a Collision with a Motor Vehicle in Transport,0,No,1,Non-Junction,1,Not an Intersection,4,On Roadside,0,None,2,Dark - Not Lighted,1,Clear,0,No,0000000,Not Applicable,6,6:00am-6:59am,31,31,6,6:00am-6:59am,42,42,88,Not Applicable (Not Transported),88,Not Applicable (Not Transported),1
20,Kansas,200366,0,0,3,3,0,3,3,173,SEDGWICK (173),5880,WICHITA,12,December,20,20,3,Tuesday,2022,11,11:00am-11:59am,52,52,N ROCK RD,NA,8,Other,2,Urban,4,Minor Arterial,4,City or Municipal Highway Agency,0,This section IS NOT on the NHS,0,No Special Jurisdiction,0,None,37.71893889,37.71893889,-97.24471667,-97.24471667,33,Curb,0,The First Harmful Event was Not a Collision with a Motor Vehicle in Transport,0,No,1,Non-Junction,1,Not an Intersection,3,On Median,0,None,1,Daylight,98,Not Reported,0,No,0000000,Not Applicable,11,11:00am-11:59am,53,53,12,12:00pm-12:59pm,0,0,12,12:00pm-12:59pm,51,51,1
20,Kansas,200368,0,0,2,2,0,2,2,157,REPUBLIC (157),430,BELLEVILLE,12,December,21,21,4,Wednesday,2022,17,5:00pm-5:59pm,17,17,US-36,NA,2,US Highway,1,Rural,3,Principal Arterial - Other,1,State Highway Agency,1,This section IS ON the NHS,0,No Special Jurisdiction,2395,2395,39.81255,39.81255,-97.63512778,-97.63512778,51,Jackknife (harmful to this vehicle),0,The First Harmful Event was Not a Collision with a Motor Vehicle in Transport,0,No,1,Non-Junction,1,Not an Intersection,1,On Roadway,0,None,5,Dusk,3,Sleet or Hail,0,No,0000000,Not Applicable,17,5:00pm-5:59pm,22,22,17,5:00pm-5:59pm,24,24,88,Not Applicable (Not Transported),88,Not Applicable (Not Transported),1
20,Kansas,200369,0,0,1,1,0,1,1,157,REPUBLIC (157),0,NOT APPLICABLE,12,December,31,31,7,Saturday,2022,21,9:00pm-9:59pm,25,25,US-36,NA,2,US Highway,1,Rural,3,Principal Arterial - Other,1,State Highway Agency,1,This section IS ON the NHS,0,No Special Jurisdiction,2262,2262,39.79850833,39.79850833,-97.877975,-97.877975,34,Ditch,0,The First Harmful Event was Not a Collision with a Motor Vehicle in Transport,0,No,1,Non-Junction,1,Not an Intersection,4,On Roadside,0,None,2,Dark - Not Lighted,1,Clear,0,No,0000000,Not Applicable,16,4:00pm-4:59pm,34,34,16,4:00pm-4:59pm,39,39,88,Not Applicable (Not Transported),88,Not Applicable (Not Transported),1
20,Kansas,200370,0,0,1,1,0,5,5,63,GOVE (63),2220,GRINNELL,12,December,31,31,7,Saturday,2022,4,4:00am-4:59am,59,59,I-70,NA,1,Interstate,1,Rural,1,Interstate,1,State Highway Agency,1,This section IS ON the NHS,0,No Special Jurisdiction,820,820,39.11248889,39.11248889,-100.742375,-100.742375,1,Rollover/Overturn,0,The First Harmful Event was Not a Collision with a Motor Vehicle in Transport,0,No,1,Non-Junction,1,Not an Intersection,4,On Roadside,0,None,2,Dark - Not Lighted,98,Not Reported,0,No,0000000,Not Applicable,5,5:00am-5:59am,1,1,5,5:00am-5:59am,16,16,5,5:00am-5:59am,30,30,1
20,Kansas,200371,0,0,3,3,0,9,9,61,GEARY (61),0,NOT APPLICABLE,12,December,21,21,4,Wednesday,2022,19,7:00pm-7:59pm,5,5,I-70,NA,1,Interstate,1,Rural,1,Interstate,1,State Highway Agency,1,This section IS ON the NHS,0,No Special Jurisdiction,3064,3064,39.06544444,39.06544444,-96.682725,-96.682725,12,Motor Vehicle In-Transport,1,Front-to-Rear,0,No,1,Non-Junction,1,Not an Intersection,1,On Roadway,0,None,2,Dark - Not Lighted,12,Freezing Rain or Drizzle,0,No,0000000,Not Applicable,19,7:00pm-7:59pm,21,21,19,7:00pm-7:59pm,41,41,88,Not Applicable (Not Transported),88,Not Applicable (Not Transported),1
20,Kansas,200372,0,0,1,1,0,1,1,75,HAMILTON (75),5330,SYRACUSE,10,October,29,29,7,Saturday,2022,18,6:00pm-6:59pm,10,10,RIVER RD,NA,8,Other,1,Rural,6,Minor Collector,2,County Highway Agency,0,This section IS NOT on the NHS,0,No Special Jurisdiction,99998,Not Reported,37.96100833,37.96100833,-101.75961944,-101.75961944,1,Rollover/Overturn,0,The First Harmful Event was Not a Collision with a Motor Vehicle in Transport,0,No,1,Non-Junction,1,Not an Intersection,1,On Roadway,0,None,5,Dusk,98,Not Reported,0,No,0000000,Not Applicable,18,6:00pm-6:59pm,13,13,18,6:00pm-6:59pm,21,21,18,6:00pm-6:59pm,39,39,1
20,Kansas,200373,0,0,1,1,0,1,1,79,HARVEY (79),0,NOT APPLICABLE,7,July,9,9,7,Saturday,2022,2,2:00am-2:59am,45,45,48TH ST,NA,8,Other,1,Rural,7,Local,2,County Highway Agency,0,This section IS NOT on the NHS,0,No Special Jurisdiction,0,None,38.10150278,38.10150278,-97.61061667,-97.61061667,59,Traffic Sign Support,0,The First Harmful Event was Not a Collision with a Motor Vehicle in Transport,0,No,1,Non-Junction,1,Not an Intersection,4,On Roadside,0,None,2,Dark - Not Lighted,98,Not Reported,0,No,0000000,Not Applicable,99,Unknown,98,Unknown if Notified,99,Unknown EMS Scene Arrival Hour,98,Unknown if Arrived,88,Not Applicable (Not Transported),88,Not Applicable (Not Transported),1
20,Kansas,200374,0,0,3,3,0,3,3,173,SEDGWICK (173),5880,WICHITA,11,November,23,23,4,Wednesday,2022,10,10:00am-10:59am,17,17,21ST ST,TEAL BROOK ST,6,Local Street - Municipality,2,Urban,5,Major Collector,4,City or Municipal Highway Agency,0,This section IS NOT on the NHS,0,No Special Jurisdiction,0,None,37.72233056,37.72233056,-97.48738333,-97.48738333,12,Motor Vehicle In-Transport,1,Front-to-Rear,0,No,3,Intersection-Related,3,T-Intersection,1,On Roadway,0,None,1,Daylight,98,Not Reported,0,No,0000000,Not Applicable,10,10:00am-10:59am,19,19,10,10:00am-10:59am,27,27,11,11:00am-11:59am,17,17,1
20,Kansas,200375,0,0,2,2,0,2,2,103,LEAVENWORTH (103),0,NOT APPLICABLE,12,December,21,21,4,Wednesday,2022,17,5:00pm-5:59pm,39,39,SR-32 LINWOOD RD,222ND ST,3,State Highway,1,Rural,4,Minor Arterial,1,State Highway Agency,0,This section IS NOT on the NHS,0,No Special Jurisdiction,99998,Not Reported,39.00383889,39.00383889,-95.09369444,-95.09369444,12,Motor Vehicle In-Transport,6,Angle,0,No,2,Intersection,2,Four-Way Intersection,1,On Roadway,0,None,2,Dark - Not Lighted,98,Not Reported,0,No,0000000,Not Applicable,17,5:00pm-5:59pm,42,42,17,5:00pm-5:59pm,50,50,18,6:00pm-6:59pm,43,43,1
20,Kansas,200377,0,1,3,1,2,2,1,85,JACKSON (85),2520,HOLTON,12,December,21,21,4,Wednesday,2022,18,6:00pm-6:59pm,57,57,US-75,NA,2,US Highway,1,Rural,2,Principal Arterial - Other Freeways and Expressways,1,State Highway Agency,1,This section IS ON the NHS,0,No Special Jurisdiction,1870,1870,39.43263333,39.43263333,-95.74783333,-95.74783333,14,Parked Motor Vehicle,0,The First Harmful Event was Not a Collision with a Motor Vehicle in Transport,0,No,1,Non-Junction,1,Not an Intersection,2,On Shoulder,0,None,2,Dark - Not Lighted,12,Freezing Rain or Drizzle,0,No,0000000,Not Applicable,18,6:00pm-6:59pm,57,57,19,7:00pm-7:59pm,0,0,19,7:00pm-7:59pm,50,50,1
20,Kansas,200378,1,1,1,1,0,1,1,103,LEAVENWORTH (103),3020,LEAVENWORTH,12,December,30,30,6,Friday,2022,5,5:00am-5:59am,43,43,MUNCIE RD,NA,8,Other,2,Urban,5,Major Collector,1,State Highway Agency,0,This section IS NOT on the NHS,0,No Special Jurisdiction,99998,Not Reported,39.27432222,39.27432222,-94.89513333,-94.89513333,8,Pedestrian,0,The First Harmful Event was Not a Collision with a Motor Vehicle in Transport,0,No,1,Non-Junction,1,Not an Intersection,1,On Roadway,0,None,3,Dark - Lighted,98,Not Reported,0,No,0000000,Not Applicable,5,5:00am-5:59am,51,51,5,5:00am-5:59am,54,54,88,Not Applicable (Not Transported),88,Not Applicable (Not Transported),1
20,Kansas,200379,0,0,1,1,0,1,1,29,CLOUD (29),0,NOT APPLICABLE,5,May,29,29,1,Sunday,2022,99,Unknown Hours,99,Unknown Minutes,CR-815 290TH RD,NA,4,County Road,1,Rural,7,Local,2,County Highway Agency,0,This section IS NOT on the NHS,0,No Special Jurisdiction,0,None,39.47880833,39.47880833,-97.38746111,-97.38746111,11,Live Animal,0,The First Harmful Event was Not a Collision with a Motor Vehicle in Transport,0,No,1,Non-Junction,1,Not an Intersection,1,On Roadway,0,None,9,Reported as Unknown,98,Not Reported,0,No,0000000,Not Applicable,10,10:00am-10:59am,15,15,10,10:00am-10:59am,40,40,88,Not Applicable (Not Transported),88,Not Applicable (Not Transported),1
20,Kansas,200380,1,1,1,1,0,1,1,173,SEDGWICK (173),5880,WICHITA,10,October,26,26,4,Wednesday,2022,11,11:00am-11:59am,54,54,OLIVER AVE,2ND ST,8,Other,2,Urban,5,Major Collector,4,City or Municipal Highway Agency,0,This section IS NOT on the NHS,0,No Special Jurisdiction,99998,Not Reported,37.69008333,37.69008333,-97.28046944,-97.28046944,8,Pedestrian,0,The First Harmful Event was Not a Collision with a Motor Vehicle in Transport,0,No,3,Intersection-Related,2,Four-Way Intersection,1,On Roadway,0,None,1,Daylight,98,Not Reported,0,No,0000000,Not Applicable,11,11:00am-11:59am,53,53,12,12:00pm-12:59pm,2,2,88,Not Applicable (Not Transported),88,Not Applicable (Not Transported),1
20,Kansas,200381,1,1,1,1,0,2,2,173,SEDGWICK (173),5880,WICHITA,8,August,21,21,1,Sunday,2022,6,6:00am-6:59am,3,3,UNNAMED ALLEY,NA,8,Other,2,Urban,7,Local,98,Not Reported,0,This section IS NOT on the NHS,0,No Special Jurisdiction,0,None,37.66034167,37.66034167,-97.30862222,-97.30862222,8,Pedestrian,0,The First Harmful Event was Not a Collision with a Motor Vehicle in Transport,0,No,1,Non-Junction,1,Not an Intersection,1,On Roadway,0,None,2,Dark - Not Lighted,98,Not Reported,0,No,0000000,Not Applicable,8,8:00am-8:59am,43,43,8,8:00am-8:59am,47,47,88,Not Applicable (Not Transported),88,Not Applicable (Not Transported),1
20,Kansas,200383,0,0,1,1,0,2,2,173,SEDGWICK (173),5880,WICHITA,10,October,14,14,6,Friday,2022,7,7:00am-7:59am,42,42,9TH ST,NA,8,Other,2,Urban,6,Minor Collector,4,City or Municipal Highway Agency,0,This section IS NOT on the NHS,0,No Special Jurisdiction,99998,Not Reported,37.70170556,37.70170556,-97.37779167,-97.37779167,33,Curb,0,The First Harmful Event was Not a Collision with a Motor Vehicle in Transport,0,No,1,Non-Junction,1,Not an Intersection,4,On Roadside,0,None,1,Daylight,98,Not Reported,0,No,0000000,Not Applicable,7,7:00am-7:59am,42,42,7,7:00am-7:59am,49,49,8,8:00am-8:59am,19,19,1
20,Kansas,200384,0,0,1,1,0,3,3,177,SHAWNEE (177),5400,TOPEKA,12,December,25,25,1,Sunday,2022,2,2:00am-2:59am,14,14,37TH ST,TRUMAN AVE,8,Other,2,Urban,4,Minor Arterial,4,City or Municipal Highway Agency,0,This section IS NOT on the NHS,0,No Special Jurisdiction,99998,Not Reported,39.00060278,39.00060278,-95.67812222,-95.67812222,33,Curb,0,The First Harmful Event was Not a Collision with a Motor Vehicle in Transport,0,No,3,Intersection-Related,3,T-Intersection,4,On Roadside,0,None,3,Dark - Lighted,98,Not Reported,0,No,0000000,Not Applicable,2,2:00am-2:59am,18,18,2,2:00am-2:59am,23,23,2,2:00am-2:59am,49,49,1
20,Kansas,200385,0,0,1,1,0,1,1,173,SEDGWICK (173),5880,WICHITA,11,November,26,26,7,Saturday,2022,20,8:00pm-8:59pm,17,17,US-54 E KELLOGG ST,NA,2,US Highway,2,Urban,2,Principal Arterial - Other Freeways and Expressways,1,State Highway Agency,1,This section IS ON the NHS,0,No Special Jurisdiction,2168,2168,37.679025,37.679025,-97.31882222,-97.31882222,42,Tree (Standing Only),0,The First Harmful Event was Not a Collision with a Motor Vehicle in Transport,0,No,1,Non-Junction,1,Not an Intersection,4,On Roadside,0,None,3,Dark - Lighted,2,Rain,0,No,0000000,Not Applicable,20,8:00pm-8:59pm,18,18,20,8:00pm-8:59pm,27,27,88,Not Applicable (Not Transported),88,Not Applicable (Not Transported),1
20,Kansas,200386,0,0,2,2,0,3,3,173,SEDGWICK (173),5880,WICHITA,12,December,23,23,6,Friday,2022,16,4:00pm-4:59pm,41,41,18TH ST,SHERIDAN AVE,6,Local Street - Municipality,2,Urban,7,Local,4,City or Municipal Highway Agency,0,This section IS NOT on the NHS,0,No Special Jurisdiction,0,None,37.71770278,37.71770278,-97.38066111,-97.38066111,12,Motor Vehicle In-Transport,6,Angle,0,No,2,Intersection,2,Four-Way Intersection,1,On Roadway,0,None,3,Dark - Lighted,11,Blowing Snow,0,No,0000000,Not Applicable,16,4:00pm-4:59pm,43,43,16,4:00pm-4:59pm,50,50,17,5:00pm-5:59pm,53,53,1
20,Kansas,200387,0,0,1,1,0,1,1,91,JOHNSON (91),3645,MERRIAM,11,November,1,1,3,Tuesday,2022,17,5:00pm-5:59pm,11,11,ANTIOCH RD,57TH ST,8,Other,2,Urban,4,Minor Arterial,4,City or Municipal Highway Agency,0,This section IS NOT on the NHS,0,No Special Jurisdiction,99998,Not Reported,39.02604722,39.02604722,-94.68663611,-94.68663611,30,Utility Pole/Light Support,0,The First Harmful Event was Not a Collision with a Motor Vehicle in Transport,0,No,3,Intersection-Related,2,Four-Way Intersection,4,On Roadside,0,None,3,Dark - Lighted,98,Not Reported,0,No,0000000,Not Applicable,19,7:00pm-7:59pm,13,13,19,7:00pm-7:59pm,19,19,88,Not Applicable (Not Transported),88,Not Applicable (Not Transported),1
20,Kansas,200388,0,0,3,3,0,3,3,91,JOHNSON (91),4285,OVERLAND PARK,12,December,10,10,7,Saturday,2022,23,11:00pm-11:59pm,32,32,I-435,NA,1,Interstate,2,Urban,1,Interstate,1,State Highway Agency,1,This section IS ON the NHS,0,No Special Jurisdiction,820,820,38.93498333,38.93498333,-94.73125556,-94.73125556,12,Motor Vehicle In-Transport,2,Front-to-Front,0,No,1,Non-Junction,1,Not an Intersection,1,On Roadway,0,None,3,Dark - Lighted,98,Not Reported,0,No,0000000,Not Applicable,23,11:00pm-11:59pm,36,36,23,11:00pm-11:59pm,47,47,23,11:00pm-11:59pm,57,57,1
20,Kansas,200390,1,1,2,1,1,1,1,173,SEDGWICK (173),5880,WICHITA,5,May,8,8,1,Sunday,2022,2,2:00am-2:59am,11,11,WOODLAND AVE,NA,8,Other,2,Urban,7,Local,4,City or Municipal Highway Agency,0,This section IS NOT on the NHS,0,No Special Jurisdiction,99998,Not Reported,37.73390278,37.73390278,-97.34943611,-97.34943611,8,Pedestrian,0,The First Harmful Event was Not a Collision with a Motor Vehicle in Transport,0,No,1,Non-Junction,1,Not an Intersection,1,On Roadway,0,None,3,Dark - Lighted,98,Not Reported,0,No,0000000,Not Applicable,2,2:00am-2:59am,16,16,2,2:00am-2:59am,28,28,99,Unknown,99,Unknown EMS Hospital Arrival Time,1
20,Kansas,200391,1,1,1,1,0,1,1,173,SEDGWICK (173),5880,WICHITA,11,November,15,15,3,Tuesday,2022,19,7:00pm-7:59pm,44,44,SENECA ST,HASKELL AVE,8,Other,2,Urban,4,Minor Arterial,4,City or Municipal Highway Agency,0,This section IS NOT on the NHS,0,No Special Jurisdiction,99998,Not Reported,37.65348611,37.65348611,-97.35265278,-97.35265278,8,Pedestrian,0,The First Harmful Event was Not a Collision with a Motor Vehicle in Transport,0,No,3,Intersection-Related,2,Four-Way Intersection,1,On Roadway,0,None,3,Dark - Lighted,98,Not Reported,0,No,0000000,Not Applicable,19,7:00pm-7:59pm,51,51,19,7:00pm-7:59pm,55,55,88,Not Applicable (Not Transported),88,Not Applicable (Not Transported),1
20,Kansas,200392,0,0,2,2,0,3,3,173,SEDGWICK (173),5880,WICHITA,3,March,28,28,2,Monday,2022,16,4:00pm-4:59pm,53,53,47TH ST,NA,8,Other,2,Urban,4,Minor Arterial,4,City or Municipal Highway Agency,0,This section IS NOT on the NHS,0,No Special Jurisdiction,99998,Not Reported,37.60798611,37.60798611,-97.34434167,-97.34434167,12,Motor Vehicle In-Transport,6,Angle,0,No,1,Non-Junction,1,Not an Intersection,1,On Roadway,0,None,1,Daylight,98,Not Reported,0,No,0000000,Not Applicable,16,4:00pm-4:59pm,53,53,17,5:00pm-5:59pm,7,7,17,5:00pm-5:59pm,35,35,1
20,Kansas,200393,0,0,1,1,0,1,1,173,SEDGWICK (173),5880,WICHITA,3,March,3,3,5,Thursday,2022,22,10:00pm-10:59pm,15,15,N MERIDIAN ST,NA,8,Other,2,Urban,4,Minor Arterial,4,City or Municipal Highway Agency,0,This section IS NOT on the NHS,0,No Special Jurisdiction,99998,Not Reported,37.75572222,37.75572222,-97.37023889,-97.37023889,1,Rollover/Overturn,0,The First Harmful Event was Not a Collision with a Motor Vehicle in Transport,0,No,1,Non-Junction,1,Not an Intersection,4,On Roadside,0,None,3,Dark - Lighted,98,Not Reported,0,No,0000000,Not Applicable,22,10:00pm-10:59pm,16,16,22,10:00pm-10:59pm,24,24,22,10:00pm-10:59pm,54,54,1
20,Kansas,200394,1,1,1,1,0,1,1,173,SEDGWICK (173),5880,WICHITA,5,May,28,28,7,Saturday,2022,23,11:00pm-11:59pm,24,24,E 25TH ST N,N ESTELLE AVE,8,Other,2,Urban,6,Minor Collector,4,City or Municipal Highway Agency,0,This section IS NOT on the NHS,0,No Special Jurisdiction,99998,Not Reported,37.73004722,37.73004722,-97.30448056,-97.30448056,8,Pedestrian,0,The First Harmful Event was Not a Collision with a Motor Vehicle in Transport,1,Yes,2,Intersection,2,Four-Way Intersection,1,On Roadway,0,None,3,Dark - Lighted,98,Not Reported,0,No,0000000,Not Applicable,88,Not Applicable (Not Notified),88,Not Applicable (Not Notified),88,Not Applicable,88,Not Applicable,88,Not Applicable (Not Transported),88,Not Applicable (Not Transported),1
20,Kansas,200395,0,0,1,1,0,1,1,173,SEDGWICK (173),5880,WICHITA,2,February,21,21,2,Monday,2022,18,6:00pm-6:59pm,35,35,HARRY ST,NA,8,Other,2,Urban,6,Minor Collector,4,City or Municipal Highway Agency,0,This section IS NOT on the NHS,0,No Special Jurisdiction,99998,Not Reported,37.66591944,37.66591944,-97.36403889,-97.36403889,33,Curb,0,The First Harmful Event was Not a Collision with a Motor Vehicle in Transport,0,No,1,Non-Junction,1,Not an Intersection,4,On Roadside,0,None,2,Dark - Not Lighted,98,Not Reported,0,No,0000000,Not Applicable,18,6:00pm-6:59pm,36,36,18,6:00pm-6:59pm,39,39,19,7:00pm-7:59pm,3,3,1
20,Kansas,200397,1,1,2,1,1,1,1,173,SEDGWICK (173),5880,WICHITA,12,December,21,21,4,Wednesday,2022,13,1:00pm-1:59pm,11,11,S BROADWAY AVE,NA,8,Other,2,Urban,5,Major Collector,4,City or Municipal Highway Agency,0,This section IS NOT on the NHS,0,No Special Jurisdiction,99998,Not Reported,37.62994444,37.62994444,-97.334275,-97.334275,8,Pedestrian,0,The First Harmful Event was Not a Collision with a Motor Vehicle in Transport,0,No,1,Non-Junction,1,Not an Intersection,1,On Roadway,0,None,1,Daylight,12,Freezing Rain or Drizzle,0,No,0000000,Not Applicable,13,1:00pm-1:59pm,28,28,13,1:00pm-1:59pm,28,28,14,2:00pm-2:59pm,2,2,1